{"val_loss":[354369.625,354368.75,354367.875,354366.96875,354366.21875,354365.5,354364.78125,354364.03125,354363.28125,354362.53125,354361.78125,354361.03125,354360.21875,354359.40625,354358.625,354357.8125,354356.96875,354356.1875,354355.34375,354354.5,354353.71875,354352.84375,354352,354351.125,354350.21875,354349.4375,354348.53125,354347.625,354346.75,354345.96875,354345.0625,354344.28125,354343.46875,354342.59375,354341.71875,354340.875,354340,354339.125,354338.21875,354337.34375,354336.40625,354335.5,354334.5625,354333.6875,354332.75,354331.8125,354331,354330.28125,354329.4375,354328.71875,354328,354327.28125,354326.5625,354325.84375,354325.15625,354324.40625,354323.65625,354322.9375,354322.21875,354321.4375,354320.6875,354319.875,354319.0625,354318.28125,354317.46875,354316.65625,354315.84375,354314.96875,354314.125,354313.3125,354312.5,354311.625,354310.84375,354310,354309.15625,354308.3125,354307.5,354306.65625,354305.78125,354304.875,354304.03125,354303.125,354302.21875,354301.3125,354300.4375,354299.46875,354298.5,354297.53125,354296.75,354295.96875,354295.15625,354294.3125,354293.53125,354292.71875,354291.875,354291.0625,354290.21875,354289.40625,354288.5,354287.625,354286.78125,354285.875,354284.96875,354284.09375,354283.15625,354282.21875,354281.4375,354280.75,354279.96875,354279.1875,354278.375,354277.59375,354276.8125,354275.96875,354275.15625,354274.375,354273.59375,354272.75,354271.96875,354271.125,354270.3125,354269.4375,354268.59375,354267.78125,354266.84375,354266,354265.125,354264.21875,354263.34375,354262.40625,354261.5625,354260.59375,354259.6875,354258.78125,354257.90625,354257,354256.03125,354255.3125,354254.59375,354253.875,354253.03125,354252.3125,354251.5,354250.6875,354249.96875,354249.125,354248.34375,354247.53125,354246.6875,354245.875,354245.0625,354244.21875,354243.40625,354242.5,354241.65625,354240.84375,354239.96875,354239.03125,354238.15625,354237.21875,354236.34375,354235.53125,354234.75,354233.96875,354233.15625,354232.3125,354231.59375,354230.84375,354230.03125,354229.28125,354228.5,354227.71875,354226.875,354226.09375,354225.25,354224.46875,354223.625,354222.75,354221.875,354221,354220.1875,354219.34375,354218.46875,354217.6875,354216.96875,354216.28125,354215.53125,354214.78125,354214.0625,354213.3125,354212.5625,354211.8125,354211.03125,354210.28125,354209.46875,354208.65625,354207.875,354207.0625,354206.21875,354205.40625],"loss":[461391,461389.96875,461389.125,461388.25,461387.40625,461386.75,461386.03125,461385.34375,461384.65625,461383.84375,461383.09375,461382.375,461381.625,461380.8125,461380.03125,461379.28125,461378.5,461377.65625,461376.8125,461376.03125,461375.1875,461374.375,461373.59375,461372.71875,461371.875,461371.03125,461370.21875,461369.3125,461368.3125,461367.5625,461366.71875,461365.9375,461365.1875,461364.34375,461363.5,461362.625,461361.75,461360.9375,461360.03125,461359.1875,461358.28125,461357.34375,461356.5625,461355.59375,461354.65625,461353.78125,461352.9375,461352.125,461351.4375,461350.65625,461349.9375,461349.25,461348.53125,461347.78125,461347.09375,461346.5,461345.75,461344.9375,461344.25,461343.5625,461342.71875,461341.96875,461341.21875,461340.4375,461339.59375,461338.875,461338.03125,461337.21875,461336.375,461335.5625,461334.6875,461334,461333.09375,461332.34375,461331.5,461330.71875,461329.84375,461329,461328.15625,461327.28125,461326.4375,461325.59375,461324.71875,461323.875,461322.84375,461322.03125,461321.125,461320.1875,461319.28125,461318.46875,461317.65625,461317,461316.125,461315.375,461314.53125,461313.6875,461312.90625,461312.03125,461311.28125,461310.4375,461309.5,461308.65625,461307.8125,461306.875,461306.03125,461305.0625,461304.3125,461303.53125,461302.8125,461302.03125,461301.34375,461300.53125,461299.75,461298.96875,461298.21875,461297.3125,461296.625,461295.84375,461295,461294.1875,461293.34375,461292.5625,461291.71875,461290.875,461290.03125,461289.15625,461288.28125,461287.4375,461286.5625,461285.75,461284.8125,461283.9375,461283,461282.15625,461281.21875,461280.28125,461279.46875,461278.5625,461277.8125,461277.125,461276.46875,461275.59375,461274.875,461274.03125,461273.3125,461272.59375,461271.75,461270.96875,461270.28125,461269.375,461268.59375,461267.78125,461266.90625,461266.15625,461265.3125,461264.4375,461263.65625,461262.65625,461261.90625,461260.90625,461260,461259.21875,461258.46875,461257.71875,461256.78125,461256.03125,461255.34375,461254.5625,461253.8125,461253.0625,461252.3125,461251.5,461250.8125,461249.96875,461249.1875,461248.375,461247.5,461246.71875,461245.875,461245.03125,461244.15625,461243.3125,461242.46875,461241.71875,461240.96875,461240.21875,461239.53125,461238.8125,461238.125,461237.375,461236.625,461235.875,461235.15625,461234.34375,461233.6875,461232.8125,461232.03125,461231.21875,461230.46875,461229.625]}