{"val_loss":[354722.09375,354717.59375,354713.4375,354709.25,354705.6875,354702.21875,354698.75,354692.96875,354689.34375,354686.03125,354682.59375,354679.25,354675.90625,354671.40625,354666.9375,354661.78125,354654.53125,354624.875,354613.4375,354599.34375,354584.0625,354572.375,354564.59375,354556.5625,354549.71875,354543.375,354537.3125,354531.09375,354524.03125,354517.625,354512.46875,354507.96875,354503.21875,354498.75,354494.5,354490.375,354486.40625,354482.28125,354478.25,354474.40625,354470.59375,354466.75,354462.78125,354458.78125,354454.375,354450.1875,354445.90625,354441.34375,354437.3125,354432.78125,354428.40625,354423.8125,354419.59375,354415.40625,354411.21875,354407.0625,354403.125,354399.3125,354395.4375,354391.53125,354387.71875,354383.59375,354379.375,354375.25,354371.03125,354366.84375,354362.75,354358.78125,354354.46875,354349.96875,354345.625,354341.34375,354337.09375,354332.5,354328.09375,354323.625,354318.84375,354313.8125,354309.03125,354304.1875,354299.03125,354294.125,354289.4375,354284.59375,354279.6875,354274.875,354269.875,354264.75,354259.96875,354255.21875,354250.375,354245.8125,354241.03125,354236.3125,354231.53125,354226.3125,354221.625,354216.875,354212.21875,354207.625,354203.71875,354199.78125,354195.71875,354191.625,354187.40625,354183.09375,354178.75,354174.40625,354169.875,354165.09375,354160.5,354155.875,354151.125,354146.09375,354141.125,354135.90625,354130.65625,354125.21875,354120.09375,354115.09375,354109.78125,354104.40625,354099.03125,354093.625,354088.03125,354082.46875,354076.65625,354070.59375,354064.3125,354058.5,354052.6875,354047.03125,354041.28125,354035.125,354029.15625,354023.125,354017.0625,354010.90625,354004.21875,353998.125,353992.375,353986.5,353980.3125,353974.125,353967.875,353961.15625,353954.5625,353947.625,353940.65625,353933.5625,353925.96875,353918.875,353911.15625,353903.6875,353896.125,353889.09375,353881.875,353874.4375,353866.65625,353859.625,353852.46875,353845.1875,353837.59375,353829.875,353821.78125,353813.625,353805.96875,353798.84375,353791.875,353784.46875,353776.875,353769.03125,353761.3125,353753.34375,353745.40625,353737.34375,353729.53125,353721.8125,353713.40625,353705.21875,353696.65625,353687.90625,353678.78125,353670.09375,353661.375,353652.6875,353643.40625,353633.75,353623.78125,353613.78125,353604,353593.625,353583.53125,353573.03125,353562.28125,353551.1875,353540.21875,353529,353518.34375,353508],"loss":[461732.40625,461726.625,461720.09375,461714.25,461708.09375,461702.09375,461696.25,461691.4375,461686.40625,461681.5,461677.4375,461673.125,461668.25,461663.03125,461657.15625,461651.4375,461644.84375,461606.40625,461580.0625,461567.59375,461549.6875,461541.1875,461535.5625,461529.8125,461526.21875,461522.59375,461518.84375,461515.3125,461511.15625,461507.4375,461503.84375,461500.28125,461496.75,461493,461489.21875,461485.8125,461482.5,461478.96875,461475.75,461472.375,461469.0625,461465.59375,461462.1875,461458.6875,461455.1875,461451.3125,461447.65625,461444.34375,461440.5625,461437.03125,461433.5,461430.03125,461426.40625,461422.84375,461419.59375,461416.28125,461413.1875,461410.0625,461406.71875,461403.40625,461399.90625,461396.4375,461392.90625,461389.3125,461385.6875,461381.9375,461378.125,461374.15625,461370.46875,461366.5,461362.21875,461358.4375,461354.3125,461350.5625,461346.3125,461342,461338,461333.5625,461329.09375,461324.71875,461320.5,461315.84375,461311.5625,461307.03125,461302.28125,461297.46875,461292.75,461287.90625,461282.875,461278.375,461274.1875,461269.65625,461265.40625,461260.90625,461256.28125,461251.9375,461246.9375,461242.40625,461237.90625,461233.28125,461229.34375,461225.6875,461221.8125,461217.9375,461214.09375,461210.28125,461206.03125,461201.9375,461197.875,461193.78125,461189.25,461184.84375,461180.1875,461175.75,461170.96875,461166.15625,461161.15625,461156.15625,461150.71875,461145.59375,461140.90625,461135.9375,461130.65625,461125.375,461119.9375,461114.375,461108.875,461103.125,461097.34375,461091.34375,461085.78125,461079.90625,461074.25,461068.75,461062.5625,461056.84375,461050.9375,461044.8125,461038.84375,461032.125,461026.40625,461020.71875,461014.96875,461008.84375,461002.78125,460996.625,460990,460983.5625,460976.71875,460969.53125,460962.90625,460955.40625,460948.53125,460940.84375,460933.28125,460926.375,460919.46875,460912.28125,460905.125,460897.6875,460890.875,460883.84375,460876.53125,460869.0625,460861.5,460853.53125,460845.71875,460838.78125,460831.65625,460824.84375,460817.65625,460810.1875,460802.40625,460794.96875,460787.09375,460778.9375,460771.4375,460763.59375,460756.34375,460748.09375,460740.03125,460731.59375,460723,460714.375,460705.78125,460696.96875,460687.96875,460678.28125,460668.0625,460657.09375,460646.875,460637.03125,460626.78125,460616.59375,460606.09375,460595.375,460584.5625,460574.15625,460563.5,460553.03125]}