{"val_loss":[353990.625,352199.6875,350413.4375,349282.9375,348566.53125,347860.28125,347189.0625,346591.3125,345995.21875,345408.3125,344827.125,344220.09375,343586.28125,342998.78125,342380.21875,341774.6875,341160.375,340537.96875,339893.125,339296.5625,338697.3125,338111.71875,337504.28125,336913.625,336270.96875,335641.375,335030.78125,334408.0625,333779.15625,333165.125,332559.875,331932.96875,331338.875,330777.40625,330243.875,329706.15625,329168.875,328606.40625,328074.40625,327556.5625,326998.65625,326453.96875,325890.78125,325335.53125,324770.84375,324219.4375,323640.6875,323071.15625,322509.78125,321919.15625,321363.40625,320774.96875,320205.1875,319677.03125,319119.59375,318554.75,317996.75,317455.90625,316889.46875,316353.5,315761.25,315195.34375,314682.8125,314183.3125,313741.875,313313.34375,312907.5,312477.5625,312058.46875,311616.3125,311173.40625,310724.75,310286.4375,309844.59375,309383.21875,308950.25,308478.46875,308002.78125,307556.46875,307101.59375,306692.78125,306264.625,305865.21875,305463.78125,305093.625,304674.09375,304272.125,303864,303459.71875,303051.125,302630.3125,302222.21875,301799.03125,301376.09375,300964.21875,300552.5625,300131.25,299712.78125,299315.03125,298896.09375,298497.6875,298078.84375,297654.28125,297246.3125,296812.40625,296385.96875,295981.5,295558.40625,295149.78125,294733.71875,294291.90625,293883.03125,293478.5625,293060.78125,292675.875,292297.28125,291927.6875,291558.40625,291189.4375,290825.8125,290452.28125,290085,289722.59375,289370,289028.03125,288687.0625,288344.875,287987.125,287640.5,287271.96875,286903.28125,286535.3125,286190.875,285829.46875,285460.84375,285153.4375,284863.3125,284576.53125,284263.875,283941.8125,283627.59375,283337.3125,283009.53125,282668.90625,282371.03125,282071.34375,281763.6875,281439.625,281109.0625,280787.90625,280476.5,280155.46875,279837.125,279533.0625,279211.875,278898.6875,278599.625,278321.125,278021.34375,277696.21875,277393.53125,277096.5,276775.34375,276491.8125,276217.875,275923.65625,275638.78125,275354.03125,275076.125,274773.6875,274538.15625,274333.34375,274141.90625,273922.40625,273703.84375,273489.03125,273286.4375,273062.5,272829.5,272616.6875,272411.34375,272199.71875,271960.5625,271760,271544.78125,271345.59375,271128.875,270906.84375,270705.34375,270497.03125,270269.75,270063.125,269852.3125,269643.625,269442.875,269244.6875,269044.78125,268858.21875,268657.71875,268466.28125],"loss":[461376.25,460262.1875,458367.65625,456962.875,456113.21875,455423.1875,454710.3125,454067.34375,453504.5625,452918,452321.03125,451744.71875,451183.28125,450543.09375,449970.0625,449355.875,448759.25,448161.6875,447574.09375,446943.84375,446366.75,445759.75,445176.46875,444561.1875,444000.84375,443385.6875,442766.34375,442165.8125,441564.96875,440946.4375,440332.84375,439742.1875,439103.9375,438577.5,438025.84375,437504.28125,436976.71875,436474.5,435919.1875,435374.53125,434867.5625,434319.09375,433785.15625,433229.34375,432688.9375,432126.1875,431596.0625,431023.46875,430458.28125,429918.1875,429325.5,428783.3125,428247.75,427667.84375,427151,426609.9375,426065.375,425504.9375,424977.09375,424402.78125,423901.34375,423331.5,422814.34375,422313.3125,421862.40625,421440.28125,420998,420597.9375,420164.125,419749.1875,419319.84375,418894.34375,418457.03125,418020.3125,417589.84375,417127.0625,416712.875,416271.59375,415799.625,415356.53125,414901.84375,414552.28125,414140.84375,413754.78125,413337.75,412982.96875,412571.59375,412176.4375,411772.375,411374.625,410985.8125,410572.15625,410174.4375,409769.21875,409345.96875,408928.25,408538.3125,408137.625,407721.3125,407337.3125,406914.90625,406525.15625,406124.875,405704.9375,405327.90625,404923.21875,404499.5,404104.5,403690.78125,403279.46875,402894.25,402462.09375,402054.25,401657.46875,401248.375,400887.53125,400533.9375,400174.4375,399818.5,399454.15625,399099.03125,398731.4375,398383.40625,398049,397701.75,397362.59375,397023.5,396689.75,396336.8125,396003.78125,395663.28125,395316.90625,394945.78125,394610.71875,394266.96875,393921.28125,393620.34375,393321.03125,393038.0625,392748.875,392439.34375,392118.15625,391838.8125,391551.1875,391210.59375,390907.40625,390610.40625,390310.09375,390004.96875,389691.9375,389377.21875,389082.21875,388768.21875,388448.875,388152.375,387854.15625,387562.21875,387253.8125,386977.03125,386701.1875,386387.21875,386085.4375,385814.09375,385495.625,385222.4375,384962.78125,384681.5,384407.375,384122.78125,383863.65625,383595.5,383384,383172.6875,382985.21875,382773.5625,382563.59375,382351.09375,382153.5625,381955.5625,381728.09375,381514.3125,381306.15625,381122.4375,380879.09375,380696.09375,380481.21875,380288.65625,380092,379875.96875,379681.65625,379486.6875,379262.0625,379062.8125,378853.125,378651.65625,378468.3125,378282.1875,378082.65625,377904.75,377712.8125]}