{"val_loss":[6392605,6206691,6026854.5,5850894.5,5680662,5513732.5,5353566.5,5198573,5047237.5,4902258,4760188.5,4623504,4488667,4357972.5,4232124.5,4107828.25,3987795.75,3871361,3757715.75,3646598.25,3539184,3434895,3333768.75,3234574.5,3137701,3044504.5,2953961,2864900.25,2779721.75,2695451.75,2615193,2536320.25,2459757.5,2384230.25,2311477,2241115.75,2172662.75,2105536,2040716.125,1977922.5,1916369.625,1856837.5,1799232,1743581.875,1689259.25,1636841.125,1585454.75,1535380.125,1487245.625,1439877.875,1394539.5,1350917.25,1307927.875,1266893.5,1227116.75,1187955.875,1149636,1113399.625,1078246.875,1044118.5625,1011368,979696.0625,948890.9375,918127.375,889578.5625,861376.25,834628.375,808819.75,783668.375,759235.8125,735714.375,713167.625,691730.9375,671068.625,651227.9375,631690,612642.5625,594600.4375,577399,560908.8125,545079.25,529689.375,514995.96875,500891.125,487661.90625,474879.78125,462109.59375,450401.1875,438956,428475.09375,418040.53125,408365.8125,398913.90625,390155.53125,381589,373612.625,365858.46875,358905.28125,352335.125,346034.15625,340683.875,335865.125,331950.84375,328895.96875,326294.53125,324169.4375,322460.375,320974.40625,319622.125,318356.34375,317193.90625,316174.71875,315207.1875,314311.875,313469.46875,312540.53125,311713.34375,310901.78125,310069.78125,309188.59375,308317.1875,307508.0625,306657.40625,305847.46875,304967.96875,304170.375,303345.59375,302463.875,301658.875,300822.25,299971.59375,299182.875,298350.96875,297533.28125,296717.09375,295911.3125,295089.21875,294276.03125,293437.40625,292683.125,291893.625,291056.03125,290250.875,289464.46875,288680.65625,287881.90625,287098.25,286332,285582.71875,284793.625,284010.125,283248.46875,282523.4375,281781.6875,281028.03125,280252.625,279476.6875,278742.875,277972.53125,277255.34375,276569.90625,275798.78125,275060.40625,274336.6875,273677.03125,273026.875,272355.15625,271758.625,271135.03125,270445.96875,269883.5,269184.53125,268509.4375,267771.625,267241.21875,266540.46875,266080.875,265350.53125,264750.96875,264146.6875,263632.75,263066.34375,262354.6875,261781.9375,261232.765625,260630.34375,260154.5,259669.515625,259138.90625,258535.015625,258028.8125,257425.4375,256960.90625,256461.6875,255904.265625,255393.109375,254898.734375,254513.359375,254133.140625,253787.265625],"loss":[7230255,7018310.5,6814096,6617004,6423605.5,6237976.5,6054091.5,5879790,5711395.5,5544760,5386057,5229141.5,5079933.5,4932665,4788452,4651376.5,4515324.5,4383669,4256295.5,4132536.75,4011187.75,3893707,3779233,3669038,3561466.5,3455520,3353470.25,3255418,3157510.5,3065297,2972461,2884726.25,2798285.25,2715597.25,2633441.25,2553937.25,2477139.75,2403131.5,2330164,2259461.25,2191681.75,2125058,2060366.875,1997452.375,1936988.625,1877612.125,1820787.25,1765462.25,1711149.375,1659630.875,1608440.25,1558983.75,1512081.25,1465292.625,1420611.125,1377925.75,1336417.125,1294942.5,1255734.25,1217930.625,1180985.125,1145442.75,1111255.875,1079124,1045867.875,1015511.25,985230.625,956442.1875,928909.5,902249.9375,876438.875,851489.5625,827211.375,804142.4375,781787.5,760798.1875,740495.1875,720483.0625,701385,683203.25,665755.875,649242.3125,633127.9375,617796.875,602760.8125,588795.875,575870.75,562476.4375,550475.875,538270.6875,527516.9375,516529.28125,506648.59375,496867.71875,488052.03125,479400.65625,471596.03125,463779.125,456835.09375,451022.15625,445665.46875,441765.78125,438297.34375,435409.4375,433349.9375,431537.0625,430003.34375,428619.40625,427409.1875,426256.125,425176.8125,424076.78125,423096.5,422028.3125,421058.9375,420219.09375,419205.78125,418301.65625,417432.71875,416601.84375,415725.9375,414802.34375,413976.1875,413080.59375,412294.25,411366.21875,410534.53125,409735.625,408823.3125,408012.5625,407192.96875,406300.96875,405503.5,404658.25,403829.59375,402993.375,402184.1875,401356,400572.40625,399691,398913.9375,398146.15625,397318.53125,396506.53125,395713.875,394935.4375,394145.78125,393356.375,392568.5625,391834.3125,391069.28125,390295.34375,389508.21875,388771.15625,388037.53125,387301.09375,386547.40625,385746.21875,385023.09375,384260.125,383467,382779.46875,382023.875,381268.65625,380497.65625,379714.40625,378982.9375,378188.65625,377426.46875,376726.28125,375963.46875,375244.21875,374525.0625,373846.5625,373042.84375,372443.03125,371700.53125,371080.21875,370358.5625,369699.90625,369037.90625,368391.6875,367731.21875,367115.25,366496.03125,365885.78125,365216.90625,364604.40625,364017.78125,363460.40625,362856.5625,362303.78125,361732.53125,361192.625,360663.6875,360115.09375,359610.9375,359099.6875,358618.8125,358213.40625]}